{
  "contacts": [
    {
      "id": 1,
      "name": "Leonardo Souza",
      "email": "leonardo.souza@caelum.com.br",
      "phone": "11 92233-4455"
    },
    {
      "name": "Alexandre Pires",
      "email": "alexandre.pires@spc.com.br",
      "phone": "11 92233-4466",
      "id": 2
    },
    {
      "name": "Willian Bonner",
      "email": "willian.bonner@globo.com",
      "phone": "11 92233-4477",
      "id": 3
    },
    {
      "name": "Mauricio",
      "email": "mauricio@luciano.com",
      "phone": "1231233123",
      "id": 4
    },
    {
      "name": "Mauricio",
      "email": "mauricio@manieri.com",
      "phone": "223344",
      "id": 5
    },
    {
      "name": "Leo",
      "email": "leo@globo.com",
      "phone": "3123123",
      "id": 6
    },
    {
      "name": "Leo",
      "email": "leo@gmail.com",
      "phone": "12312321",
      "id": 7
    },
    {
      "name": "a",
      "email": "b",
      "phone": "c",
      "id": 8
    },
    {
      "name": "a",
      "email": "b",
      "phone": "c",
      "id": 9
    },
    {
      "name": "Paulo",
      "email": "paulo@eduardo.com",
      "phone": "132312312",
      "id": 10
    },
    {
      "name": "Paulo",
      "email": "paulo@eduardo.com",
      "phone": "132312312",
      "id": 11
    },
    {
      "name": "a",
      "email": "b",
      "phone": "c",
      "id": 12
    },
    {
      "name": "a",
      "email": "b",
      "phone": "c",
      "id": 13
    },
    {
      "name": "d",
      "email": "e",
      "phone": "f",
      "id": 14
    },
    {
      "name": "d",
      "email": "e",
      "phone": "f",
      "id": 15
    },
    {
      "name": "d",
      "email": "e",
      "phone": "f",
      "id": 16
    },
    {
      "name": "d",
      "email": "e",
      "phone": "f",
      "id": 17
    },
    {
      "name": "Fred",
      "email": "fred@trajano.com",
      "phone": "1312312321",
      "id": 18
    },
    {
      "name": "Leo",
      "email": "leo@magalu.com",
      "phone": "1231312",
      "id": 19
    },
    {
      "name": "a",
      "email": "b",
      "phone": "c",
      "id": 20
    },
    {
      "name": "d",
      "email": "e",
      "phone": "f",
      "id": 21
    },
    {
      "name": "q",
      "email": "a",
      "phone": "z",
      "id": 22
    },
    {
      "name": "Bruno",
      "email": "bruno@marrone.com",
      "phone": "1232312321",
      "id": 23
    },
    {
      "name": "Bruno",
      "email": "bruno@marrone2.com",
      "phone": "1323123",
      "id": 24
    },
    {
      "name": "Leonardo",
      "email": "leonardo@globo.com",
      "phone": "1232312312",
      "id": 25
    },
    {
      "name": "q",
      "email": "w",
      "phone": "e",
      "id": 26
    },
    {
      "name": "Joao",
      "email": "joao@mineiro.com",
      "phone": "2312312312",
      "id": 27
    },
    {
      "name": "Milionario",
      "email": "milionario@zerico.com",
      "phone": "312312321",
      "id": 28
    }
  ]
}